Instance ID,Image File,Vertices,Designator
0,pcb_46f_cc_23.png,"[[[1443, 646], [1445, 642], [1445, 640], [1446, 638], [1461, 638], [1463, 639], [1464, 642], [1464, 650], [1466, 652], [1466, 665], [1465, 667], [1465, 674], [1464, 676], [1464, 677], [1462, 678], [1446, 678], [1444, 676], [1444, 673], [1443, 668], [1444, 664]]]",C
1,pcb_46f_cc_23.png,"[[[1399, 644], [1400, 640], [1401, 638], [1402, 637], [1419, 637], [1420, 638], [1421, 640], [1422, 648], [1423, 650], [1422, 664], [1421, 665], [1421, 672], [1420, 674], [1420, 675], [1418, 676], [1400, 676], [1399, 675], [1399, 672], [1399, 669], [1399, 664]]]",C
2,pcb_46f_cc_23.png,"[[[934, 411], [938, 411], [939, 407], [938, 399], [949, 399], [948, 405], [950, 406], [950, 410], [959, 409], [959, 406], [960, 405], [959, 399], [970, 398], [971, 409], [982, 409], [982, 399], [994, 400], [996, 403], [998, 408], [1002, 408], [1002, 402], [1002, 400], [1003, 400], [1011, 400], [1014, 400], [1017, 405], [1017, 407], [1024, 407], [1025, 400], [1026, 400], [1035, 400], [1036, 400], [1036, 401], [1036, 408], [1038, 408], [1047, 407], [1046, 399], [1055, 398], [1058, 399], [1058, 407], [1064, 408], [1079, 408], [1081, 409], [1084, 412], [1086, 413], [1087, 416], [1087, 430], [1089, 435], [1093, 440], [1095, 441], [1099, 441], [1100, 442], [1101, 447], [1101, 453], [1099, 454], [1096, 454], [1092, 455], [1092, 462], [1094, 464], [1096, 464], [1098, 462], [1101, 463], [1104, 464], [1105, 471], [1103, 473], [1096, 473], [1095, 473], [1093, 473], [1093, 483], [1096, 483], [1096, 484], [1099, 485], [1099, 486], [1101, 487], [1101, 496], [1096, 497], [1092, 499], [1092, 505], [1096, 505], [1099, 506], [1101, 507], [1102, 509], [1103, 511], [1103, 514], [1102, 515], [1101, 516], [1100, 516], [1098, 517], [1097, 519], [1092, 519], [1093, 528], [1104, 529], [1104, 539], [1091, 539], [1091, 550], [1097, 551], [1099, 552], [1098, 561], [1097, 562], [1087, 562], [1087, 573], [1086, 573], [1086, 583], [1084, 589], [1081, 589], [1054, 589], [1054, 598], [1053, 598], [1047, 597], [1047, 596], [1047, 590], [1032, 590], [1032, 597], [1031, 597], [1025, 597], [1024, 597], [1024, 590], [1010, 590], [1010, 599], [1008, 600], [1001, 599], [1001, 589], [989, 589], [989, 598], [988, 599], [985, 599], [981, 599], [981, 597], [980, 589], [966, 590], [967, 600], [966, 601], [964, 601], [959, 601], [959, 598], [959, 590], [946, 591], [945, 599], [945, 600], [943, 600], [940, 600], [936, 599], [936, 596], [935, 591], [906, 590], [904, 589], [905, 568], [904, 562], [894, 562], [893, 561], [893, 551], [898, 550], [901, 551], [903, 551], [904, 549], [904, 544], [900, 544], [897, 543], [894, 542], [894, 528], [904, 528], [904, 521], [903, 519], [900, 518], [899, 521], [894, 521], [895, 507], [900, 507], [902, 510], [904, 509], [904, 498], [901, 498], [895, 496], [895, 486], [895, 483], [899, 483], [902, 482], [902, 475], [900, 475], [896, 474], [896, 463], [898, 462], [904, 463], [904, 457], [900, 455], [895, 456], [895, 441], [903, 441], [904, 440], [903, 411], [905, 409], [925, 408], [928, 411]]]",IC
3,pcb_46f_cc_23.png,"[[[1422, 236], [1480, 236], [1482, 237], [1484, 237], [1485, 239], [1485, 268], [1485, 270], [1484, 271], [1483, 273], [1482, 274], [1418, 273], [1416, 271], [1416, 269], [1417, 239], [1418, 238], [1419, 237]]]",C
4,pcb_46f_cc_23.png,"[[[1211, 398], [1213, 396], [1218, 394], [1222, 393], [1227, 394], [1233, 394], [1237, 395], [1241, 397], [1242, 398], [1243, 400], [1243, 404], [1242, 405], [1243, 433], [1242, 434], [1244, 459], [1242, 462], [1240, 463], [1237, 464], [1233, 465], [1229, 465], [1223, 465], [1219, 465], [1214, 464], [1211, 463], [1210, 461], [1209, 459], [1210, 449], [1209, 448], [1209, 412], [1209, 402]]]",C
5,pcb_46f_cc_23.png,"[[[1202, 511], [1239, 511], [1245, 512], [1251, 515], [1254, 517], [1253, 576], [1253, 580], [1252, 592], [1251, 595], [1246, 599], [1239, 599], [1201, 598], [1196, 597], [1194, 596], [1195, 518], [1197, 515], [1200, 513]]]",C
6,pcb_46f_cc_23.png,"[[[894, 731], [895, 729], [897, 728], [904, 727], [912, 726], [920, 726], [927, 727], [931, 729], [932, 730], [932, 784], [933, 787], [933, 790], [931, 792], [930, 796], [929, 797], [928, 798], [898, 796], [896, 796], [895, 794], [895, 792], [895, 780], [895, 769], [895, 752], [895, 741], [895, 739]]]",C
7,pcb_46f_cc_23.png,"[[[840, 730], [842, 728], [847, 726], [851, 725], [857, 725], [862, 725], [866, 727], [870, 728], [873, 730], [874, 736], [873, 742], [872, 785], [872, 788], [871, 791], [870, 793], [868, 794], [845, 793], [842, 793], [841, 791], [841, 782], [841, 780], [840, 742]]]",R
8,pcb_46f_cc_23.png,"[[[779, 407], [780, 404], [782, 402], [796, 401], [798, 402], [799, 404], [800, 406], [801, 433], [801, 437], [800, 439], [799, 441], [783, 442], [781, 441], [780, 439], [780, 436], [780, 433], [780, 429], [779, 417]]]",C
9,pcb_46f_cc_23.png,"[[[779, 545], [779, 542], [781, 540], [796, 540], [798, 541], [799, 543], [800, 545], [800, 568], [799, 568], [798, 574], [798, 579], [797, 581], [783, 582], [780, 581], [779, 579], [778, 575], [778, 568], [779, 567], [779, 556]]]",C
10,pcb_46f_cc_23.png,"[[[1015, 746], [1016, 743], [1018, 741], [1032, 741], [1034, 742], [1036, 744], [1036, 746], [1037, 773], [1036, 774], [1036, 778], [1036, 781], [1035, 782], [1016, 782], [1015, 780], [1015, 778], [1015, 775], [1016, 772], [1016, 771], [1016, 757]]]",C
11,pcb_46f_cc_23.png,"[[[960, 746], [960, 743], [962, 741], [976, 741], [979, 742], [980, 743], [981, 746], [982, 773], [981, 774], [981, 776], [980, 779], [980, 782], [977, 782], [963, 782], [960, 782], [960, 779], [959, 776], [959, 772], [960, 770], [960, 768], [960, 757]]]",C
12,pcb_46f_cc_23.png,"[[[1399, 317], [1400, 314], [1402, 312], [1416, 312], [1418, 313], [1420, 314], [1421, 317], [1422, 344], [1422, 347], [1420, 350], [1419, 351], [1403, 352], [1401, 351], [1400, 349], [1400, 346], [1400, 343], [1399, 338], [1399, 328]]]",C
13,pcb_46f_cc_23.png,"[[[1453, 406], [1453, 404], [1456, 403], [1470, 402], [1472, 403], [1473, 405], [1474, 438], [1474, 440], [1473, 442], [1470, 443], [1456, 443], [1454, 443], [1453, 441], [1452, 439], [1453, 433], [1452, 428], [1452, 418]]]",C
14,pcb_46f_cc_23.png,"[[[1395, 408], [1396, 406], [1398, 404], [1413, 404], [1415, 405], [1416, 407], [1417, 409], [1419, 436], [1418, 440], [1418, 442], [1417, 444], [1415, 445], [1399, 445], [1397, 445], [1396, 443], [1395, 441], [1395, 436], [1396, 430], [1395, 420]]]",C
15,pcb_46f_cc_23.png,"[[[1452, 755], [1488, 755], [1490, 756], [1491, 758], [1492, 775], [1490, 776], [1489, 777], [1453, 778], [1452, 777], [1450, 775], [1450, 757], [1451, 756]]]",C
16,pcb_46f_cc_23.png,"[[[1302, 568], [1338, 568], [1339, 569], [1340, 570], [1339, 590], [1339, 591], [1337, 592], [1302, 591], [1301, 590], [1300, 589], [1299, 570], [1300, 569]]]",C
17,pcb_46f_cc_23.png,"[[[1302, 512], [1338, 512], [1339, 513], [1339, 515], [1339, 534], [1339, 535], [1337, 536], [1302, 535], [1301, 535], [1299, 533], [1299, 514], [1300, 513]]]",C
18,pcb_46f_cc_23.png,"[[[1303, 430], [1337, 430], [1340, 430], [1340, 432], [1340, 449], [1339, 451], [1337, 452], [1303, 453], [1301, 452], [1300, 450], [1300, 432], [1301, 431]]]",C
19,pcb_46f_cc_23.png,"[[[1530, 750], [1566, 750], [1569, 751], [1571, 753], [1572, 772], [1570, 775], [1564, 776], [1531, 776], [1528, 775], [1526, 773], [1526, 754], [1527, 752]]]",R
20,pcb_46f_cc_23.png,"[[[1500, 652], [1536, 651], [1539, 652], [1542, 655], [1542, 672], [1540, 675], [1535, 677], [1500, 677], [1498, 676], [1496, 674], [1496, 655], [1497, 653]]]",R
21,pcb_46f_cc_23.png,"[[[1454, 793], [1492, 794], [1493, 795], [1493, 796], [1493, 812], [1493, 815], [1489, 817], [1453, 817], [1450, 816], [1449, 814], [1450, 796], [1451, 794]]]",R
22,pcb_46f_cc_23.png,"[[[1398, 713], [1434, 713], [1438, 714], [1439, 717], [1439, 735], [1439, 738], [1436, 740], [1399, 740], [1396, 738], [1394, 736], [1394, 717], [1396, 715]]]",R
23,pcb_46f_cc_23.png,"[[[1213, 643], [1250, 642], [1253, 643], [1253, 645], [1254, 664], [1253, 666], [1250, 667], [1211, 667], [1210, 666], [1210, 664], [1210, 645], [1211, 644]]]",R
24,pcb_46f_cc_23.png,"[[[1033, 842], [1070, 842], [1073, 844], [1074, 846], [1074, 862], [1072, 866], [1069, 867], [1034, 868], [1031, 867], [1030, 865], [1030, 845], [1031, 844]]]",R
25,pcb_46f_cc_23.png,"[[[1355, 316], [1355, 315], [1356, 313], [1358, 312], [1375, 312], [1377, 313], [1378, 315], [1377, 347], [1377, 349], [1376, 351], [1375, 352], [1356, 351], [1355, 351], [1355, 349], [1355, 344], [1355, 343], [1354, 320], [1355, 319]]]",C
26,pcb_46f_cc_23.png,"[[[867, 868], [901, 868], [904, 870], [907, 873], [908, 889], [907, 893], [903, 894], [871, 894], [865, 894], [864, 891], [863, 872], [865, 869]]]",R
27,pcb_46f_cc_23.png,"[[[1609, 711], [1644, 711], [1646, 712], [1646, 714], [1646, 729], [1645, 732], [1642, 733], [1614, 733], [1609, 733], [1607, 732], [1606, 714], [1607, 712]]]",C
28,pcb_46f_cc_23.png,"[[[1636, 602], [1667, 602], [1671, 603], [1671, 605], [1671, 624], [1670, 626], [1668, 627], [1635, 626], [1632, 625], [1631, 623], [1631, 605], [1633, 603]]]",C
29,pcb_46f_cc_23.png,"[[[1640, 518], [1674, 517], [1675, 518], [1676, 520], [1675, 539], [1674, 540], [1672, 540], [1640, 540], [1638, 539], [1636, 538], [1636, 520], [1637, 518]]]",C
30,pcb_46f_cc_23.png,"[[[1557, 518], [1588, 517], [1591, 518], [1591, 520], [1591, 538], [1590, 540], [1588, 541], [1557, 541], [1554, 540], [1552, 538], [1551, 522], [1553, 519]]]",C
31,pcb_46f_cc_23.png,"[[[1589, 363], [1588, 336], [1588, 334], [1590, 333], [1606, 333], [1608, 334], [1609, 335], [1610, 336], [1611, 373], [1610, 375], [1608, 375], [1591, 376], [1589, 375], [1588, 374]]]",R
32,pcb_46f_cc_23.png,"[[[1311, 346], [1311, 318], [1311, 317], [1313, 316], [1328, 316], [1330, 316], [1332, 317], [1333, 320], [1334, 356], [1332, 358], [1330, 359], [1314, 359], [1311, 358], [1311, 356]]]",R
33,pcb_46f_cc_23.png,"[[[1536, 604], [1535, 576], [1536, 575], [1536, 574], [1553, 574], [1555, 574], [1557, 576], [1558, 578], [1560, 614], [1559, 616], [1557, 617], [1539, 617], [1537, 617], [1536, 615]]]",R
34,pcb_46f_cc_23.png,"[[[1359, 873], [1358, 846], [1359, 844], [1360, 843], [1376, 843], [1378, 844], [1379, 845], [1380, 847], [1381, 883], [1380, 885], [1378, 887], [1362, 887], [1360, 886], [1359, 885]]]",R
35,pcb_46f_cc_23.png,"[[[1231, 874], [1231, 847], [1231, 845], [1233, 844], [1249, 844], [1251, 845], [1252, 846], [1253, 848], [1253, 884], [1252, 886], [1250, 887], [1234, 887], [1232, 886], [1231, 885]]]",R
36,pcb_46f_cc_23.png,"[[[1122, 769], [1123, 743], [1123, 742], [1124, 740], [1140, 741], [1142, 741], [1144, 743], [1145, 745], [1146, 780], [1146, 782], [1144, 783], [1125, 784], [1123, 783], [1123, 781]]]",R
37,pcb_46f_cc_23.png,"[[[1067, 771], [1067, 744], [1068, 742], [1069, 741], [1085, 740], [1087, 741], [1088, 743], [1089, 745], [1089, 781], [1089, 783], [1087, 784], [1070, 784], [1068, 783], [1067, 782]]]",R
38,pcb_46f_cc_23.png,"[[[1601, 273], [1601, 246], [1602, 244], [1603, 242], [1619, 242], [1621, 243], [1622, 245], [1623, 247], [1623, 284], [1622, 286], [1620, 287], [1603, 287], [1601, 286], [1601, 284]]]",R
39,pcb_46f_cc_23.png,"[[[1554, 462], [1590, 463], [1591, 463], [1591, 465], [1591, 484], [1590, 486], [1589, 486], [1554, 486], [1552, 485], [1551, 483], [1551, 465], [1552, 463]]]",C
40,pcb_46f_cc_23.png,"[[[1402, 872], [1403, 845], [1403, 844], [1404, 843], [1420, 843], [1422, 843], [1423, 844], [1423, 846], [1424, 883], [1423, 885], [1422, 886], [1405, 885], [1403, 884], [1402, 883]]]",R
41,pcb_46f_cc_23.png,"[[[2433, 1012], [2447, 1012], [2449, 1013], [2450, 1014], [2451, 1016], [2451, 1018], [2451, 1024], [2451, 1031], [2451, 1032], [2451, 1049], [2450, 1051], [2449, 1052], [2433, 1053], [2432, 1051], [2430, 1050], [2430, 1043], [2430, 1024], [2430, 1022], [2430, 1016], [2431, 1014], [2432, 1013]]]",C
42,pcb_46f_cc_23.png,"[[[1862, 833], [1876, 834], [1879, 840], [1879, 845], [1879, 846], [1879, 848], [1879, 871], [1879, 872], [1878, 874], [1862, 873], [1860, 872], [1859, 871], [1858, 842], [1859, 837], [1859, 835], [1860, 834]]]",C
43,pcb_46f_cc_23.png,"[[[1730, 426], [1742, 426], [1745, 427], [1746, 428], [1748, 430], [1748, 467], [1748, 469], [1746, 470], [1744, 471], [1728, 472], [1728, 471], [1727, 470], [1726, 428], [1728, 427]]]",R
44,pcb_46f_cc_23.png,"[[[1853, 979], [1860, 979], [1862, 980], [1903, 980], [1904, 979], [1915, 979], [1916, 980], [1917, 981], [1918, 982], [1918, 1011], [1917, 1013], [1916, 1014], [1914, 1015], [1855, 1015], [1855, 1014], [1852, 1014], [1851, 1012], [1851, 984], [1851, 982], [1851, 980]]]",C
45,pcb_46f_cc_23.png,"[[[1877, 1092], [1878, 1090], [1881, 1090], [1914, 1090], [1916, 1091], [1916, 1092], [1917, 1103], [1915, 1104], [1915, 1107], [1915, 1110], [1913, 1111], [1889, 1112], [1887, 1111], [1879, 1111], [1878, 1109], [1877, 1107]]]",C
46,pcb_46f_cc_23.png,"[[[1876, 1046], [1877, 1045], [1880, 1044], [1914, 1044], [1915, 1045], [1915, 1046], [1916, 1061], [1915, 1064], [1913, 1066], [1888, 1067], [1887, 1065], [1879, 1066], [1877, 1065], [1876, 1062]]]",C
47,pcb_46f_cc_23.png,"[[[1715, 352], [1718, 351], [1722, 351], [1749, 351], [1753, 352], [1754, 354], [1754, 373], [1753, 375], [1751, 375], [1714, 375], [1712, 374], [1710, 371], [1710, 356], [1713, 353]]]",R
48,pcb_46f_cc_23.png,"[[[1713, 313], [1715, 312], [1719, 311], [1747, 311], [1751, 312], [1752, 314], [1752, 333], [1751, 335], [1749, 336], [1711, 336], [1709, 334], [1708, 331], [1709, 317], [1711, 314]]]",R
49,pcb_46f_cc_23.png,"[[[2104, 349], [2139, 344], [2165, 342], [2194, 343], [2232, 347], [2260, 353], [2288, 365], [2301, 368], [2326, 379], [2378, 413], [2393, 425], [2418, 451], [2430, 466], [2463, 512], [2477, 538], [2484, 555], [2490, 575], [2494, 580], [2498, 599], [2503, 617], [2504, 628], [2502, 631], [2503, 638], [2505, 640], [2505, 656], [2503, 657], [2504, 665], [2507, 672], [2507, 685], [2505, 711], [2503, 732], [2500, 745], [2497, 760], [2493, 776], [2487, 792], [2480, 808], [2482, 819], [2478, 820], [2478, 823], [2471, 835], [2465, 845], [2460, 854], [2455, 861], [2447, 877], [2441, 887], [2435, 899], [2420, 916], [2410, 930], [2394, 943], [2374, 956], [2360, 968], [2346, 976], [2329, 984], [2304, 993], [2279, 1001], [2239, 1016], [2209, 1022], [2187, 1024], [2165, 1024], [2139, 1023], [2120, 1020], [2100, 1016], [2078, 1010], [2064, 1005], [2011, 982], [1997, 971], [1950, 932], [1916, 896], [1904, 882], [1892, 865], [1885, 852], [1876, 834], [1868, 819], [1857, 796], [1849, 773], [1843, 747], [1838, 723], [1835, 702], [1834, 677], [1835, 652], [1840, 643], [1840, 622], [1843, 612], [1848, 591], [1856, 560], [1865, 538], [1876, 517], [1885, 502], [1890, 497], [1895, 495], [1902, 482], [1924, 457], [1924, 450], [1949, 426], [1967, 412], [2009, 386], [2031, 376], [2039, 370], [2057, 363], [2080, 355], [2098, 349]]]",
50,pcb_46f_cc_23.png,"[[[2490, 953], [2488, 951], [2487, 947], [2487, 943], [2488, 939], [2490, 937], [2492, 935], [2495, 938], [2496, 940], [2500, 941], [2501, 943], [2500, 949], [2499, 953], [2499, 960], [2500, 965], [2500, 968], [2499, 971], [2500, 976], [2502, 975], [2503, 975], [2505, 976], [2508, 976], [2511, 976], [2517, 975], [2518, 974], [2517, 969], [2519, 968], [2519, 965], [2519, 962], [2518, 959], [2519, 955], [2519, 953], [2520, 952], [2519, 947], [2518, 943], [2522, 936], [2524, 935], [2526, 935], [2527, 937], [2528, 939], [2527, 957], [2528, 958], [2529, 960], [2529, 965], [2527, 974], [2533, 976], [2545, 975], [2546, 974], [2545, 971], [2548, 967], [2548, 962], [2547, 958], [2547, 955], [2546, 947], [2546, 943], [2550, 937], [2550, 934], [2551, 932], [2552, 932], [2553, 932], [2557, 933], [2558, 937], [2557, 947], [2559, 952], [2559, 954], [2558, 955], [2558, 957], [2559, 965], [2561, 970], [2560, 973], [2560, 975], [2564, 978], [2567, 983], [2566, 1033], [2565, 1035], [2564, 1036], [2557, 1037], [2559, 1074], [2556, 1079], [2553, 1079], [2550, 1077], [2547, 1074], [2546, 1071], [2545, 1066], [2547, 1061], [2547, 1057], [2546, 1051], [2547, 1049], [2546, 1046], [2545, 1036], [2528, 1037], [2528, 1040], [2529, 1040], [2530, 1041], [2530, 1049], [2532, 1054], [2532, 1066], [2531, 1070], [2531, 1075], [2530, 1077], [2526, 1078], [2522, 1078], [2519, 1077], [2517, 1075], [2517, 1065], [2517, 1059], [2519, 1053], [2519, 1049], [2517, 1043], [2516, 1042], [2516, 1041], [2517, 1037], [2499, 1037], [2499, 1039], [2499, 1041], [2500, 1042], [2502, 1043], [2502, 1044], [2502, 1045], [2501, 1047], [2500, 1053], [2498, 1059], [2500, 1068], [2502, 1073], [2502, 1075], [2501, 1076], [2499, 1076], [2496, 1075], [2492, 1075], [2490, 1074], [2488, 1072], [2487, 1068], [2487, 1066], [2489, 1062], [2489, 1053], [2488, 1049], [2489, 1047], [2490, 1046], [2488, 1043], [2488, 1038], [2483, 1038], [2481, 1037], [2479, 1036], [2478, 1034], [2478, 979], [2478, 978], [2480, 976], [2490, 976], [2490, 967], [2491, 962]]]",IC
51,pcb_46f_cc_23.png,"[[[2015, 1071], [2018, 1068], [2020, 1068], [2126, 1066], [2127, 1066], [2130, 1067], [2133, 1069], [2135, 1072], [2136, 1090], [2138, 1090], [2138, 1089], [2140, 1088], [2142, 1088], [2145, 1088], [2147, 1090], [2155, 1090], [2156, 1092], [2156, 1107], [2154, 1108], [2155, 1126], [2154, 1127], [2154, 1133], [2153, 1134], [2148, 1134], [2145, 1134], [2144, 1131], [2137, 1131], [2135, 1130], [2135, 1146], [2135, 1147], [2134, 1149], [2133, 1150], [2128, 1151], [2010, 1146], [2008, 1144], [2006, 1141], [2007, 1130], [2006, 1127], [2000, 1128], [1991, 1125], [1991, 1125], [1991, 1083], [2009, 1083], [2010, 1082], [2013, 1073]]]",D
52,pcb_46f_cc_23.png,"[[[1685, 427], [1697, 426], [1699, 427], [1702, 428], [1704, 430], [1705, 468], [1705, 470], [1704, 471], [1702, 472], [1683, 473], [1683, 472], [1682, 469], [1683, 467], [1682, 429], [1684, 427]]]",R
53,pcb_46f_cc_23.png,"[[[1744, 703], [1791, 705], [1792, 705], [1793, 706], [1794, 707], [1794, 709], [1794, 727], [1794, 754], [1794, 756], [1795, 757], [1807, 757], [1809, 759], [1819, 759], [1822, 760], [1824, 765], [1824, 768], [1824, 771], [1822, 776], [1820, 776], [1818, 778], [1813, 778], [1811, 778], [1809, 777], [1794, 777], [1793, 778], [1793, 779], [1793, 786], [1793, 829], [1741, 829], [1736, 828], [1735, 827], [1735, 820], [1734, 818], [1715, 818], [1714, 816], [1714, 800], [1716, 799], [1734, 799], [1736, 798], [1736, 741], [1734, 738], [1734, 735], [1722, 735], [1719, 734], [1718, 731], [1719, 716], [1721, 716], [1735, 716], [1737, 716], [1739, 712], [1739, 703], [1741, 703]]]",IC
54,pcb_46f_cc_23.png,"[[[1847, 1121], [1857, 1122], [1859, 1123], [1898, 1123], [1902, 1122], [1908, 1122], [1910, 1123], [1911, 1124], [1912, 1126], [1911, 1157], [1911, 1158], [1910, 1159], [1908, 1160], [1847, 1160], [1846, 1159], [1844, 1159], [1844, 1157], [1844, 1127], [1844, 1125], [1845, 1123]]]",C
55,pcb_46f_cc_23.png,"[[[1730, 1066], [1791, 1066], [1794, 1067], [1795, 1068], [1795, 1069], [1795, 1100], [1794, 1102], [1793, 1103], [1792, 1104], [1730, 1104], [1730, 1103], [1728, 1102], [1727, 1101], [1727, 1071], [1727, 1068], [1729, 1067]]]",C
56,pcb_46f_cc_23.png,"[[[2212, 1050], [2317, 1051], [2330, 1053], [2332, 1054], [2333, 1057], [2333, 1061], [2335, 1114], [2335, 1155], [2335, 1163], [2334, 1165], [2333, 1166], [2332, 1167], [2208, 1169], [2205, 1168], [2203, 1164], [2198, 1152], [2199, 1064], [2200, 1057], [2202, 1054], [2208, 1051]]]",C
57,pcb_46f_cc_23.png,"[[[1693, 563], [1733, 563], [1734, 564], [1735, 564], [1736, 566], [1736, 584], [1735, 586], [1734, 587], [1732, 588], [1696, 589], [1695, 588], [1693, 587], [1691, 586], [1692, 566], [1692, 564]]]",R
58,pcb_46f_cc_23.png,"[[[1689, 221], [1696, 221], [1698, 222], [1699, 223], [1699, 239], [1699, 239], [1698, 289], [1698, 291], [1697, 296], [1692, 297], [1682, 296], [1680, 297], [1676, 297], [1675, 298], [1675, 304], [1663, 304], [1661, 302], [1661, 294], [1638, 296], [1636, 296], [1633, 295], [1632, 293], [1631, 227], [1632, 225], [1633, 223], [1635, 223], [1662, 222], [1663, 216], [1663, 214], [1664, 213], [1666, 213], [1675, 213], [1676, 213], [1676, 215], [1676, 223]]]",D
59,pcb_46f_cc_23.png,"[[[1737, 1707], [1737, 1674], [1738, 1672], [1739, 1671], [1740, 1671], [1758, 1671], [1759, 1672], [1760, 1673], [1761, 1712], [1761, 1714], [1759, 1715], [1738, 1715], [1737, 1714], [1736, 1712]]]",R
60,pcb_46f_cc_23.png,"[[[1781, 1707], [1781, 1674], [1782, 1672], [1783, 1671], [1784, 1671], [1802, 1671], [1804, 1672], [1805, 1673], [1806, 1712], [1805, 1714], [1804, 1715], [1782, 1715], [1781, 1714], [1781, 1712]]]",R
61,pcb_46f_cc_23.png,"[[[2274, 2144], [2294, 2144], [2297, 2145], [2298, 2147], [2299, 2186], [2298, 2188], [2297, 2189], [2296, 2189], [2276, 2189], [2275, 2189], [2274, 2187], [2274, 2186], [2272, 2150], [2272, 2147], [2273, 2145]]]",R
62,pcb_46f_cc_23.png,"[[[1924, 1461], [1936, 1461], [1938, 1462], [1974, 1463], [1978, 1461], [1987, 1461], [1988, 1462], [1990, 1476], [1988, 1478], [1989, 1488], [1988, 1490], [1986, 1492], [1978, 1493], [1976, 1493], [1975, 1492], [1963, 1492], [1937, 1491], [1935, 1493], [1923, 1493], [1921, 1491], [1921, 1490], [1922, 1465], [1922, 1463], [1923, 1462]]]",R
63,pcb_46f_cc_23.png,"[[[1924, 1537], [1952, 1537], [1954, 1538], [1947, 1547], [1927, 1568], [1923, 1568], [1922, 1567], [1921, 1566], [1921, 1541], [1922, 1539], [1923, 1537]]]",
64,pcb_46f_cc_23.png,"[[[2055, 1461], [2096, 1460], [2099, 1462], [2073, 1472], [2059, 1475], [2054, 1476], [2054, 1465], [2054, 1462]]]",
65,pcb_46f_cc_23.png,"[[[1825, 1960], [1849, 1959], [1848, 1935], [1870, 1935], [1869, 1939], [1868, 1940], [1868, 1950], [1867, 1952], [1866, 1959], [1886, 1960], [1888, 1965], [1889, 1967], [1891, 1976], [1892, 1991], [1891, 1992], [1892, 2007], [1887, 2008], [1887, 2019], [1885, 2031], [1867, 2032], [1867, 2040], [1868, 2043], [1868, 2047], [1866, 2052], [1864, 2055], [1855, 2055], [1851, 2053], [1850, 2046], [1851, 2040], [1850, 2037], [1851, 2031], [1830, 2034], [1825, 2032], [1823, 2029], [1823, 2029], [1823, 2028], [1824, 2026], [1823, 2020], [1825, 2017], [1825, 2003], [1824, 2001], [1824, 2000], [1825, 1998], [1825, 1996], [1824, 1995], [1824, 1992], [1823, 1991], [1823, 1991], [1824, 1989], [1825, 1987], [1825, 1985], [1824, 1982], [1824, 1981], [1824, 1970], [1825, 1968], [1825, 1966], [1825, 1964], [1824, 1962], [1824, 1960]]]",D
66,pcb_46f_cc_23.png,"[[[1829, 1407], [1829, 1403], [1830, 1402], [1866, 1401], [1869, 1402], [1871, 1403], [1872, 1404], [1872, 1414], [1871, 1415], [1872, 1423], [1871, 1425], [1868, 1427], [1867, 1427], [1832, 1427], [1830, 1426], [1829, 1423], [1828, 1420]]]",R
67,pcb_46f_cc_23.png,"[[[2326, 2136], [2326, 2132], [2327, 2130], [2329, 2130], [2364, 2130], [2366, 2131], [2368, 2131], [2369, 2133], [2369, 2135], [2369, 2143], [2368, 2144], [2368, 2148], [2369, 2151], [2368, 2154], [2366, 2155], [2364, 2156], [2357, 2155], [2329, 2155], [2327, 2154], [2326, 2152], [2325, 2149]]]",R
68,pcb_46f_cc_23.png,"[[[1985, 2227], [2028, 2227], [2030, 2228], [2031, 2230], [2032, 2251], [2030, 2252], [2029, 2252], [1986, 2252], [1984, 2251], [1984, 2250], [1984, 2231], [1984, 2228]]]",R
69,pcb_46f_cc_23.png,"[[[1990, 2183], [2030, 2182], [2031, 2183], [2032, 2184], [2032, 2202], [2031, 2203], [2030, 2204], [1990, 2206], [1988, 2204], [1988, 2203], [1988, 2185], [1989, 2184]]]",R
70,pcb_46f_cc_23.png,"[[[2179, 2149], [2215, 2148], [2220, 2150], [2221, 2152], [2221, 2175], [2223, 2205], [2234, 2204], [2236, 2206], [2241, 2206], [2241, 2207], [2245, 2207], [2248, 2209], [2248, 2224], [2240, 2223], [2237, 2223], [2216, 2224], [2218, 2275], [2217, 2278], [2216, 2278], [2168, 2279], [2165, 2278], [2164, 2274], [2164, 2266], [2145, 2267], [2143, 2265], [2141, 2262], [2141, 2260], [2141, 2254], [2142, 2251], [2145, 2248], [2165, 2248], [2164, 2184], [2145, 2183], [2140, 2181], [2139, 2180], [2138, 2177], [2138, 2165], [2139, 2164], [2140, 2164], [2165, 2163], [2166, 2163], [2166, 2150], [2167, 2149], [2170, 2149]]]",IC
71,pcb_46f_cc_23.png,"[[[1773, 1512], [1817, 1511], [1823, 1513], [1824, 1516], [1825, 1518], [1825, 1594], [1824, 1596], [1823, 1597], [1819, 1599], [1809, 1600], [1796, 1600], [1785, 1599], [1773, 1600], [1769, 1600], [1768, 1599], [1767, 1597], [1765, 1559], [1766, 1552], [1765, 1531], [1767, 1523], [1768, 1519], [1769, 1516], [1770, 1514]]]",C
72,pcb_46f_cc_23.png,"[[[1652, 2171], [1650, 2169], [1649, 2168], [1648, 2165], [1649, 2135], [1651, 2133], [1654, 2132], [1663, 2133], [1715, 2132], [1717, 2133], [1717, 2134], [1717, 2168], [1716, 2170], [1715, 2171], [1713, 2171], [1679, 2170]]]",R
73,pcb_46f_cc_23.png,"[[[1645, 1918], [1652, 1918], [1654, 1919], [1709, 1919], [1710, 1920], [1711, 1921], [1711, 1931], [1710, 1931], [1710, 1935], [1711, 1936], [1710, 1954], [1710, 1956], [1708, 1958], [1705, 1959], [1704, 1961], [1700, 1960], [1698, 1958], [1646, 1958], [1644, 1958], [1643, 1958], [1642, 1956], [1642, 1928], [1643, 1928], [1643, 1927], [1643, 1926], [1643, 1920], [1644, 1919]]]",R
74,pcb_46f_cc_23.png,"[[[1815, 2105], [1815, 2104], [1816, 2104], [1854, 2103], [1854, 2091], [1855, 2088], [1856, 2087], [1856, 2086], [1868, 2087], [1868, 2093], [1868, 2104], [1887, 2105], [1888, 2106], [1889, 2118], [1892, 2119], [1893, 2120], [1893, 2164], [1892, 2173], [1891, 2175], [1883, 2179], [1868, 2180], [1867, 2181], [1868, 2186], [1869, 2190], [1871, 2194], [1870, 2200], [1869, 2202], [1867, 2202], [1856, 2201], [1854, 2200], [1852, 2179], [1828, 2178], [1820, 2175], [1818, 2174], [1817, 2172], [1815, 2164], [1815, 2161]]]",D
75,pcb_46f_cc_23.png,"[[[1688, 1783], [1700, 1783], [1700, 1774], [1701, 1769], [1702, 1753], [1704, 1751], [1706, 1749], [1709, 1748], [1713, 1748], [1715, 1749], [1716, 1750], [1717, 1752], [1718, 1773], [1718, 1783], [1784, 1784], [1784, 1777], [1785, 1776], [1786, 1754], [1787, 1752], [1790, 1748], [1798, 1747], [1800, 1750], [1801, 1754], [1802, 1783], [1810, 1783], [1813, 1784], [1816, 1788], [1816, 1815], [1815, 1819], [1813, 1821], [1813, 1842], [1812, 1843], [1809, 1843], [1759, 1840], [1758, 1855], [1760, 1857], [1760, 1861], [1759, 1864], [1757, 1867], [1752, 1867], [1747, 1867], [1742, 1865], [1739, 1860], [1739, 1859], [1740, 1857], [1740, 1856], [1739, 1854], [1739, 1840], [1688, 1839], [1686, 1838], [1683, 1836], [1682, 1832], [1683, 1786], [1684, 1785], [1686, 1784]]]",IC
76,pcb_46f_cc_23.png,"[[[2075, 1474], [2099, 1468], [2126, 1463], [2146, 1459], [2167, 1457], [2186, 1457], [2227, 1462], [2247, 1466], [2265, 1470], [2302, 1482], [2345, 1505], [2366, 1519], [2410, 1553], [2423, 1568], [2450, 1604], [2464, 1628], [2489, 1683], [2492, 1699], [2499, 1719], [2504, 1747], [2505, 1771], [2503, 1779], [2504, 1795], [2504, 1812], [2505, 1829], [2502, 1829], [2501, 1831], [2501, 1834], [2504, 1835], [2504, 1837], [2501, 1854], [2498, 1856], [2496, 1857], [2496, 1864], [2496, 1871], [2496, 1879], [2494, 1891], [2490, 1907], [2473, 1944], [2464, 1960], [2438, 1999], [2419, 2022], [2401, 2041], [2384, 2057], [2360, 2072], [2337, 2085], [2281, 2113], [2236, 2124], [2215, 2127], [2180, 2130], [2148, 2130], [2123, 2125], [2107, 2121], [2086, 2119], [2062, 2113], [2029, 2098], [1972, 2058], [1951, 2039], [1931, 2020], [1911, 1997], [1896, 1974], [1885, 1954], [1880, 1950], [1870, 1927], [1851, 1870], [1846, 1849], [1843, 1830], [1842, 1799], [1843, 1765], [1852, 1708], [1887, 1626], [1908, 1593], [1926, 1569], [1947, 1547], [1962, 1529], [1983, 1517], [1996, 1508], [2018, 1495], [2039, 1485], [2060, 1478]]]",
77,pcb_46f_cc_23.png,"[[[1988, 1238], [2107, 1234], [2136, 1283], [2139, 1287], [2142, 1293], [2143, 1296], [2143, 1361], [2138, 1368], [2113, 1410], [2100, 1416], [1997, 1416], [1992, 1412], [1987, 1406], [1960, 1357], [1960, 1349], [1962, 1287]]]",L
78,pcb_46f_cc_23.png,"[[[1782, 1259], [1794, 1252], [1794, 1244], [1798, 1241], [1798, 1227], [1799, 1225], [1800, 1222], [1803, 1221], [1809, 1221], [1811, 1222], [1811, 1223], [1812, 1241], [1810, 1248], [1811, 1256], [1836, 1257], [1836, 1253], [1836, 1247], [1839, 1243], [1839, 1225], [1840, 1223], [1841, 1221], [1844, 1221], [1847, 1221], [1850, 1221], [1852, 1223], [1854, 1241], [1852, 1247], [1853, 1257], [1877, 1256], [1877, 1242], [1880, 1240], [1879, 1232], [1881, 1222], [1881, 1222], [1883, 1217], [1884, 1215], [1885, 1215], [1891, 1215], [1893, 1215], [1894, 1216], [1895, 1218], [1895, 1224], [1897, 1241], [1894, 1245], [1895, 1256], [1900, 1256], [1903, 1259], [1902, 1324], [1901, 1325], [1900, 1326], [1892, 1325], [1892, 1328], [1894, 1330], [1895, 1346], [1895, 1350], [1896, 1351], [1896, 1353], [1894, 1354], [1894, 1356], [1896, 1359], [1896, 1362], [1898, 1370], [1898, 1376], [1877, 1375], [1878, 1367], [1877, 1362], [1877, 1361], [1879, 1360], [1880, 1357], [1879, 1352], [1879, 1348], [1877, 1346], [1877, 1332], [1879, 1331], [1878, 1326], [1809, 1326], [1811, 1346], [1809, 1349], [1810, 1372], [1810, 1373], [1808, 1375], [1800, 1375], [1799, 1374], [1797, 1369], [1795, 1362], [1795, 1358], [1797, 1347], [1794, 1345], [1794, 1329], [1795, 1325], [1786, 1326], [1784, 1324], [1784, 1323]]]",IC
79,pcb_46f_cc_23.png,"[[[2212, 1339], [2329, 1339], [2332, 1340], [2334, 1342], [2335, 1344], [2336, 1348], [2336, 1442], [2335, 1445], [2332, 1449], [2329, 1450], [2325, 1452], [2207, 1451], [2204, 1449], [2201, 1446], [2199, 1443], [2197, 1439], [2200, 1347], [2201, 1344], [2204, 1341], [2208, 1339]]]",C
80,pcb_46f_cc_23.png,"[[[2212, 1193], [2330, 1193], [2332, 1194], [2334, 1196], [2335, 1198], [2335, 1203], [2336, 1297], [2335, 1300], [2333, 1303], [2330, 1305], [2326, 1308], [2321, 1309], [2307, 1310], [2222, 1310], [2205, 1309], [2202, 1308], [2200, 1306], [2198, 1303], [2197, 1298], [2200, 1202], [2202, 1199], [2204, 1197], [2208, 1195]]]",C
81,pcb_46f_cc_23.png,"[[[1271, 2184], [1310, 2183], [1312, 2184], [1313, 2186], [1313, 2206], [1311, 2207], [1310, 2207], [1271, 2207], [1270, 2206], [1269, 2205], [1269, 2186], [1270, 2185]]]",R
82,pcb_46f_cc_23.png,"[[[1352, 2111], [1381, 2111], [1384, 2112], [1385, 2113], [1386, 2116], [1386, 2127], [1385, 2175], [1384, 2178], [1381, 2179], [1380, 2179], [1353, 2180], [1351, 2180], [1348, 2178], [1348, 2176], [1348, 2121], [1349, 2114], [1349, 2112], [1351, 2111]]]",C
83,pcb_46f_cc_23.png,"[[[1186, 2184], [1225, 2184], [1226, 2184], [1226, 2185], [1226, 2205], [1225, 2206], [1225, 2206], [1186, 2206], [1184, 2206], [1184, 2204], [1184, 2186], [1185, 2184]]]",C
84,pcb_46f_cc_23.png,"[[[1362, 1933], [1375, 1933], [1379, 1934], [1382, 1936], [1381, 1970], [1381, 1972], [1380, 1973], [1377, 1973], [1364, 1973], [1362, 1973], [1361, 1971], [1362, 1964], [1360, 1961], [1360, 1953], [1361, 1952], [1360, 1943], [1361, 1937], [1361, 1934]]]",C
85,pcb_46f_cc_23.png,"[[[1433, 2182], [1446, 2182], [1450, 2183], [1452, 2185], [1452, 2208], [1452, 2216], [1451, 2220], [1449, 2222], [1448, 2223], [1444, 2223], [1434, 2223], [1432, 2222], [1431, 2220], [1430, 2212], [1431, 2185], [1431, 2183]]]",C
86,pcb_46f_cc_23.png,"[[[1112, 2103], [1121, 2102], [1125, 2102], [1125, 2104], [1128, 2104], [1130, 2105], [1131, 2106], [1131, 2120], [1130, 2121], [1130, 2123], [1130, 2128], [1130, 2135], [1130, 2140], [1129, 2142], [1127, 2143], [1123, 2144], [1113, 2144], [1111, 2143], [1110, 2141], [1110, 2133], [1109, 2131], [1109, 2121], [1110, 2120], [1109, 2113], [1110, 2106], [1110, 2103]]]",C
87,pcb_46f_cc_23.png,"[[[959, 2129], [965, 2129], [968, 2128], [974, 2128], [976, 2129], [976, 2131], [977, 2147], [976, 2148], [976, 2149], [976, 2154], [976, 2166], [975, 2168], [973, 2169], [971, 2169], [959, 2169], [957, 2169], [956, 2167], [956, 2159], [955, 2157], [956, 2150], [955, 2147], [956, 2145], [956, 2139], [957, 2131], [957, 2129]]]",C
88,pcb_46f_cc_23.png,"[[[1173, 1998], [1217, 1997], [1217, 1984], [1220, 1979], [1221, 1978], [1224, 1976], [1236, 1976], [1239, 1979], [1239, 1995], [1247, 1995], [1247, 1983], [1249, 1980], [1251, 1977], [1258, 1976], [1266, 1976], [1268, 1977], [1269, 1980], [1270, 1996], [1309, 1995], [1310, 1995], [1312, 1997], [1313, 2009], [1315, 2010], [1323, 2010], [1325, 2011], [1327, 2012], [1329, 2015], [1329, 2027], [1329, 2029], [1327, 2030], [1312, 2030], [1312, 2044], [1318, 2044], [1320, 2045], [1322, 2047], [1323, 2049], [1322, 2058], [1321, 2059], [1313, 2060], [1313, 2072], [1321, 2072], [1323, 2073], [1324, 2075], [1326, 2081], [1325, 2087], [1325, 2088], [1323, 2089], [1313, 2090], [1312, 2102], [1319, 2102], [1322, 2104], [1322, 2116], [1321, 2118], [1319, 2120], [1311, 2120], [1312, 2123], [1310, 2128], [1308, 2131], [1307, 2131], [1266, 2132], [1265, 2149], [1264, 2151], [1261, 2153], [1257, 2154], [1252, 2153], [1250, 2152], [1248, 2148], [1247, 2146], [1247, 2140], [1248, 2135], [1247, 2132], [1237, 2133], [1239, 2141], [1239, 2147], [1238, 2149], [1236, 2151], [1235, 2152], [1230, 2152], [1221, 2152], [1219, 2151], [1216, 2148], [1216, 2132], [1212, 2131], [1183, 2132], [1180, 2130], [1177, 2129], [1175, 2127], [1173, 2123], [1172, 2119], [1158, 2119], [1158, 2118], [1157, 2112], [1157, 2104], [1160, 2100], [1161, 2099], [1169, 2099], [1171, 2093], [1170, 2092], [1168, 2088], [1160, 2087], [1159, 2084], [1159, 2077], [1161, 2074], [1162, 2072], [1163, 2071], [1169, 2071], [1170, 2069], [1171, 2067], [1170, 2063], [1169, 2061], [1166, 2059], [1161, 2060], [1160, 2059], [1159, 2055], [1161, 2051], [1160, 2047], [1161, 2046], [1162, 2046], [1169, 2046], [1170, 2046], [1172, 2043], [1172, 2032], [1172, 2031], [1171, 2031], [1167, 2030], [1162, 2031], [1159, 2031], [1158, 2030], [1159, 2022], [1160, 2020], [1163, 2018], [1167, 2013], [1169, 2012], [1171, 2010], [1172, 2008], [1173, 2001]]]",IC
89,pcb_46f_cc_23.png,"[[[1515, 1936], [1558, 1935], [1567, 1939], [1572, 1942], [1574, 1946], [1578, 1965], [1578, 1974], [1577, 1979], [1577, 1983], [1576, 1987], [1576, 2007], [1577, 2013], [1576, 2015], [1576, 2020], [1577, 2022], [1576, 2026], [1577, 2048], [1577, 2055], [1575, 2059], [1574, 2064], [1572, 2072], [1571, 2075], [1569, 2076], [1563, 2078], [1507, 2077], [1502, 2076], [1499, 2072], [1498, 2069], [1498, 2042], [1500, 2039], [1498, 2013], [1499, 2011], [1499, 1997], [1499, 1985], [1500, 1984], [1499, 1962], [1500, 1960], [1499, 1946], [1500, 1942], [1506, 1938], [1510, 1937]]]",C
90,pcb_46f_cc_23.png,"[[[1412, 1936], [1467, 1937], [1472, 1939], [1476, 1942], [1479, 1960], [1480, 1982], [1479, 1994], [1479, 2049], [1478, 2057], [1478, 2062], [1478, 2068], [1476, 2075], [1473, 2077], [1467, 2078], [1412, 2076], [1406, 2075], [1403, 2069], [1403, 2018], [1401, 1961], [1404, 1942], [1406, 1938], [1407, 1937], [1408, 1936]]]",C
91,pcb_46f_cc_23.png,"[[[1055, 1864], [1111, 1864], [1115, 1864], [1117, 1865], [1119, 1866], [1120, 1868], [1121, 1870], [1121, 1990], [1122, 1996], [1119, 2003], [1116, 2005], [1111, 2006], [1055, 2004], [1050, 2003], [1046, 1997], [1048, 1888], [1047, 1875], [1048, 1870], [1049, 1866], [1050, 1864], [1052, 1864]]]",C
92,pcb_46f_cc_23.png,"[[[953, 1864], [1013, 1864], [1018, 1867], [1020, 1868], [1021, 1887], [1020, 1985], [1021, 1996], [1018, 2002], [1016, 2004], [1010, 2005], [952, 2006], [949, 2005], [946, 2003], [945, 1999], [947, 1887], [946, 1874], [948, 1865], [949, 1864], [951, 1864]]]",C
93,pcb_46f_cc_23.png,"[[[954, 1756], [955, 1754], [956, 1752], [958, 1751], [965, 1752], [974, 1752], [1007, 1754], [1010, 1752], [1018, 1752], [1020, 1753], [1021, 1755], [1021, 1787], [1020, 1789], [1019, 1791], [958, 1791], [956, 1788], [954, 1785], [954, 1765]]]",R
94,pcb_46f_cc_23.png,"[[[955, 1654], [956, 1652], [957, 1650], [959, 1650], [968, 1649], [976, 1652], [1007, 1652], [1010, 1650], [1021, 1650], [1022, 1651], [1023, 1652], [1024, 1686], [1023, 1688], [1021, 1689], [959, 1689], [957, 1686], [955, 1683], [955, 1663]]]",R
95,pcb_46f_cc_23.png,"[[[803, 1752], [872, 1752], [874, 1753], [874, 1754], [873, 1770], [874, 1788], [873, 1789], [872, 1790], [844, 1791], [843, 1790], [816, 1791], [815, 1790], [815, 1789], [803, 1789], [801, 1789], [801, 1787], [803, 1783], [803, 1764], [803, 1757], [802, 1755], [802, 1753]]]",LED
96,pcb_46f_cc_23.png,"[[[807, 1651], [874, 1650], [875, 1651], [876, 1652], [876, 1656], [875, 1658], [875, 1670], [876, 1677], [877, 1687], [875, 1687], [873, 1688], [846, 1689], [844, 1688], [813, 1691], [807, 1690], [806, 1690], [805, 1689], [805, 1656], [807, 1656]]]",LED
97,pcb_46f_cc_23.png,"[[[1146, 930], [1608, 924], [1625, 930], [1639, 935], [1654, 944], [1665, 958], [1674, 972], [1680, 989], [1681, 1137], [1680, 1263], [1684, 1396], [1684, 1461], [1682, 1470], [1678, 1480], [1669, 1497], [1652, 1514], [1636, 1528], [1624, 1533], [1288, 1536], [1138, 1535], [1114, 1524], [1096, 1509], [1079, 1482], [1074, 1466], [1077, 1317], [1075, 1002], [1079, 977], [1090, 958], [1104, 945], [1124, 933]]]",
